{"Scan_0": 1529555172.7734838, "Task_Name": 1530242185.0551434}