{"Scan_2": 1529455572.7734838, "Scan_1": 1529455772.7734838, "Scan_0": 1529555172.7734838}