{"Scan_0": 1529555172.7734838, "12": 1530339805.7770908, "http__192.168.3.10_": 1530340276.5671165, "Task_Name": 1530341967.0376487}